timeStamp,elapsed,label,responseCode,responseMessage,threadName,dataType,success,failureMessage,bytes,sentBytes,grpThreads,allThreads,URL,Latency,IdleTime,Connect
1715411802551,1218,HTTP Request,200,OK,Thread Group 2-8,,true,,147,117,50,50,https://localhost:50000/,1212,0,466
1715411802544,2110,HTTP Request,200,OK,Thread Group 2-4,,true,,147,117,49,49,https://localhost:50000/,2109,0,1127
1715411803349,1474,HTTP Request,200,OK,Thread Group 2-48,,true,,147,117,48,48,https://localhost:50000/,1474,0,855
1715411802544,2806,HTTP Request,200,OK,Thread Group 2-6,,true,,147,117,47,47,https://localhost:50000/,2804,0,1353
1715411802810,2749,HTTP Request,200,OK,Thread Group 2-21,,true,,147,117,46,46,https://localhost:50000/,2748,0,2211
1715411803089,3064,HTTP Request,200,OK,Thread Group 2-35,,true,,147,117,45,45,https://localhost:50000/,3064,0,2464
1715411803008,3590,HTTP Request,200,OK,Thread Group 2-31,,true,,147,117,44,44,https://localhost:50000/,3589,0,2335
1715411803069,3810,HTTP Request,200,OK,Thread Group 2-34,,true,,147,117,43,43,https://localhost:50000/,3809,0,2725
1715411802544,4372,HTTP Request,200,OK,Thread Group 2-3,,true,,147,117,42,42,https://localhost:50000/,4372,0,4079
1715411802572,4543,HTTP Request,200,OK,Thread Group 2-9,,true,,147,117,41,41,https://localhost:50000/,4542,0,4245
1715411803369,3925,HTTP Request,200,OK,Thread Group 2-49,,true,,147,117,40,40,https://localhost:50000/,3925,0,3637
1715411803390,3908,HTTP Request,200,OK,Thread Group 2-50,,true,,147,117,39,39,https://localhost:50000/,3908,0,3524
1715411803328,4080,HTTP Request,200,OK,Thread Group 2-47,,true,,147,117,38,38,https://localhost:50000/,4078,0,3709
1715411802770,5204,HTTP Request,200,OK,Thread Group 2-19,,true,,147,117,37,37,https://localhost:50000/,5203,0,4879
1715411803030,5093,HTTP Request,200,OK,Thread Group 2-32,,true,,147,117,36,36,https://localhost:50000/,5092,0,3004
1715411802544,5985,HTTP Request,200,OK,Thread Group 2-5,,true,,147,117,35,35,https://localhost:50000/,5984,0,5375
1715411802791,5785,HTTP Request,200,OK,Thread Group 2-20,,true,,147,117,34,34,https://localhost:50000/,5785,0,4461
1715411802835,5982,HTTP Request,200,OK,Thread Group 2-22,,true,,147,117,33,33,https://localhost:50000/,5982,0,4616
1715411802544,6365,HTTP Request,200,OK,Thread Group 2-2,,true,,147,117,32,32,https://localhost:50000/,6365,0,5212
1715411802592,7200,HTTP Request,200,OK,Thread Group 2-10,,true,,147,117,31,31,https://localhost:50000/,7199,0,6011
1715411802544,7567,HTTP Request,200,OK,Thread Group 2-7,,true,,147,117,30,30,https://localhost:50000/,7566,0,5797
1715411802544,8239,HTTP Request,200,OK,Thread Group 2-1,,true,,147,117,29,29,https://localhost:50000/,8238,0,7431
1715411802651,8485,HTTP Request,200,OK,Thread Group 2-13,,true,,147,117,28,28,https://localhost:50000/,8484,0,7686
1715411802611,8667,HTTP Request,200,OK,Thread Group 2-11,,true,,147,117,27,27,https://localhost:50000/,8666,0,7634
1715411802630,9295,HTTP Request,200,OK,Thread Group 2-12,,true,,147,117,26,26,https://localhost:50000/,9295,0,8202
1715411803150,8993,HTTP Request,200,OK,Thread Group 2-38,,true,,147,117,25,25,https://localhost:50000/,8993,0,8135
1715411803130,9157,HTTP Request,200,OK,Thread Group 2-37,,true,,147,117,24,24,https://localhost:50000/,9156,0,8425
1715411802991,9898,HTTP Request,200,OK,Thread Group 2-30,,true,,147,117,23,23,https://localhost:50000/,9897,0,9022
1715411802969,10114,HTTP Request,200,OK,Thread Group 2-29,,true,,147,117,22,22,https://localhost:50000/,10114,0,9191
1715411803049,10620,HTTP Request,200,OK,Thread Group 2-33,,true,,147,117,21,21,https://localhost:50000/,10619,0,10015
1715411803110,10921,HTTP Request,200,OK,Thread Group 2-36,,true,,147,117,20,20,https://localhost:50000/,10921,0,10254
1715411802669,16485,HTTP Request,200,OK,Thread Group 2-14,,true,,147,117,19,19,https://localhost:50000/,16484,0,15693
1715411802691,16687,HTTP Request,200,OK,Thread Group 2-15,,true,,147,117,18,18,https://localhost:50000/,16687,0,15849
1715411802729,16700,HTTP Request,200,OK,Thread Group 2-17,,true,,147,117,17,17,https://localhost:50000/,16700,0,15388
1715411802749,16951,HTTP Request,200,OK,Thread Group 2-18,,true,,147,117,16,16,https://localhost:50000/,16951,0,16345
1715411803209,17103,HTTP Request,200,OK,Thread Group 2-41,,true,,147,117,15,15,https://localhost:50000/,17103,0,16069
1715411802712,17752,HTTP Request,200,OK,Thread Group 2-16,,true,,147,117,14,14,https://localhost:50000/,17752,0,16016
1715411803189,24237,HTTP Request,200,OK,Thread Group 2-40,,true,,147,117,13,13,https://localhost:50000/,24236,0,23923
1715411802850,24742,HTTP Request,200,OK,Thread Group 2-23,,true,,147,117,12,12,https://localhost:50000/,24741,0,23475
1715411802930,25164,HTTP Request,200,OK,Thread Group 2-27,,true,,147,117,11,11,https://localhost:50000/,25163,0,24299
1715411803229,25014,HTTP Request,200,OK,Thread Group 2-42,,true,,147,117,10,10,https://localhost:50000/,25013,0,23787
1715411803249,33131,HTTP Request,200,OK,Thread Group 2-43,,true,,147,117,9,9,https://localhost:50000/,33130,0,32108
1715411803309,33247,HTTP Request,200,OK,Thread Group 2-46,,true,,147,117,8,8,https://localhost:50000/,33247,0,32286
1715411802871,34079,HTTP Request,200,OK,Thread Group 2-24,,true,,147,117,7,7,https://localhost:50000/,34079,0,33462
1715411802949,36447,HTTP Request,200,OK,Thread Group 2-28,,true,,147,117,6,6,https://localhost:50000/,36446,0,35696
1715411802909,37577,HTTP Request,200,OK,Thread Group 2-26,,true,,147,117,5,5,https://localhost:50000/,37577,0,36437
1715411802891,38304,HTTP Request,200,OK,Thread Group 2-25,,true,,147,117,4,4,https://localhost:50000/,38303,0,36571
1715411803289,42688,HTTP Request,200,OK,Thread Group 2-45,,true,,147,117,3,3,https://localhost:50000/,42688,0,41855
1715411803169,42955,HTTP Request,200,OK,Thread Group 2-39,,true,,147,117,2,2,https://localhost:50000/,42954,0,42468
1715411803268,44220,HTTP Request,200,OK,Thread Group 2-44,,true,,147,117,1,1,https://localhost:50000/,44219,0,43020
