{
  "Total" : {
    "transaction" : "Total",
    "sampleCount" : 50,
    "errorCount" : 0,
    "errorPct" : 0.0,
    "meanResTime" : 14574.039999999999,
    "medianResTime" : 9075.0,
    "minResTime" : 1218.0,
    "maxResTime" : 44220.0,
    "pct1ResTime" : 37464.0,
    "pct2ResTime" : 42808.15,
    "pct3ResTime" : 44220.0,
    "throughput" : 1.1124955500178,
    "receivedKBytesPerSec" : 0.15970395102794588,
    "sentKBytesPerSec" : 0.12711130796101816
  },
  "HTTP Request" : {
    "transaction" : "HTTP Request",
    "sampleCount" : 50,
    "errorCount" : 0,
    "errorPct" : 0.0,
    "meanResTime" : 14574.039999999999,
    "medianResTime" : 9075.0,
    "minResTime" : 1218.0,
    "maxResTime" : 44220.0,
    "pct1ResTime" : 37464.0,
    "pct2ResTime" : 42808.15,
    "pct3ResTime" : 44220.0,
    "throughput" : 1.1124955500178,
    "receivedKBytesPerSec" : 0.15970395102794588,
    "sentKBytesPerSec" : 0.12711130796101816
  }
}