{
  "Total" : {
    "transaction" : "Total",
    "sampleCount" : 1050,
    "errorCount" : 62,
    "errorPct" : 5.904762,
    "meanResTime" : 13993.127619047624,
    "medianResTime" : 1245.0,
    "minResTime" : 68.0,
    "maxResTime" : 186820.0,
    "pct1ResTime" : 30803.799999999992,
    "pct2ResTime" : 129858.0,
    "pct3ResTime" : 186102.78,
    "throughput" : 4.692318005094517,
    "receivedKBytesPerSec" : 1.4891214332797067,
    "sentKBytesPerSec" : 0.5044765551682531
  },
  "HTTP Request" : {
    "transaction" : "HTTP Request",
    "sampleCount" : 1050,
    "errorCount" : 62,
    "errorPct" : 5.904762,
    "meanResTime" : 13993.127619047624,
    "medianResTime" : 1245.0,
    "minResTime" : 68.0,
    "maxResTime" : 186820.0,
    "pct1ResTime" : 30803.799999999992,
    "pct2ResTime" : 129858.0,
    "pct3ResTime" : 186102.78,
    "throughput" : 4.692318005094517,
    "receivedKBytesPerSec" : 1.4891214332797067,
    "sentKBytesPerSec" : 0.5044765551682531
  }
}