{
  "Total" : {
    "transaction" : "Total",
    "sampleCount" : 1000,
    "errorCount" : 297,
    "errorPct" : 29.7,
    "meanResTime" : 57138.46599999999,
    "medianResTime" : 17309.0,
    "minResTime" : 324.0,
    "maxResTime" : 263574.0,
    "pct1ResTime" : 151346.0,
    "pct2ResTime" : 174077.95,
    "pct3ResTime" : 263413.96,
    "throughput" : 1.821268039659933,
    "receivedKBytesPerSec" : 1.853563532886637,
    "sentKBytesPerSec" : 0.14629015383795815
  },
  "HTTP Request" : {
    "transaction" : "HTTP Request",
    "sampleCount" : 1000,
    "errorCount" : 297,
    "errorPct" : 29.7,
    "meanResTime" : 57138.46599999999,
    "medianResTime" : 17309.0,
    "minResTime" : 324.0,
    "maxResTime" : 263574.0,
    "pct1ResTime" : 151346.0,
    "pct2ResTime" : 174077.95,
    "pct3ResTime" : 263413.96,
    "throughput" : 1.821268039659933,
    "receivedKBytesPerSec" : 1.853563532886637,
    "sentKBytesPerSec" : 0.14629015383795815
  }
}