{
  "Total" : {
    "transaction" : "Total",
    "sampleCount" : 1000,
    "errorCount" : 55,
    "errorPct" : 5.5,
    "meanResTime" : 14306.405999999988,
    "medianResTime" : 2108.5,
    "minResTime" : 486.0,
    "maxResTime" : 216013.0,
    "pct1ResTime" : 33311.1,
    "pct2ResTime" : 107513.95,
    "pct3ResTime" : 190519.66,
    "throughput" : 3.871931977899012,
    "receivedKBytesPerSec" : 1.1826407858666739,
    "sentKBytesPerSec" : 0.414493343180947
  },
  "HTTP Request" : {
    "transaction" : "HTTP Request",
    "sampleCount" : 1000,
    "errorCount" : 55,
    "errorPct" : 5.5,
    "meanResTime" : 14306.405999999988,
    "medianResTime" : 2108.5,
    "minResTime" : 486.0,
    "maxResTime" : 216013.0,
    "pct1ResTime" : 33311.1,
    "pct2ResTime" : 107513.95,
    "pct3ResTime" : 190519.66,
    "throughput" : 3.871931977899012,
    "receivedKBytesPerSec" : 1.1826407858666739,
    "sentKBytesPerSec" : 0.414493343180947
  }
}