{
  "Total" : {
    "transaction" : "Total",
    "sampleCount" : 1000,
    "errorCount" : 0,
    "errorPct" : 0.0,
    "meanResTime" : 1124.2949999999994,
    "medianResTime" : 680.5,
    "minResTime" : 64.0,
    "maxResTime" : 66330.0,
    "pct1ResTime" : 1747.9,
    "pct2ResTime" : 2274.9499999999944,
    "pct3ResTime" : 7630.93,
    "throughput" : 6.622955162593549,
    "receivedKBytesPerSec" : 0.9507562586926286,
    "sentKBytesPerSec" : 0.7502566395125505
  },
  "HTTP Request" : {
    "transaction" : "HTTP Request",
    "sampleCount" : 1000,
    "errorCount" : 0,
    "errorPct" : 0.0,
    "meanResTime" : 1124.2949999999994,
    "medianResTime" : 680.5,
    "minResTime" : 64.0,
    "maxResTime" : 66330.0,
    "pct1ResTime" : 1747.9,
    "pct2ResTime" : 2274.9499999999944,
    "pct3ResTime" : 7630.93,
    "throughput" : 6.622955162593549,
    "receivedKBytesPerSec" : 0.9507562586926286,
    "sentKBytesPerSec" : 0.7502566395125505
  }
}